"","CoreArea","variable","value"
"1","Blacks Fork","bdmn_0_5",1.32696019261
"2","Blacks Fork","bdmn_5_15",1.35207707962
"3","Blacks Fork","bdp5_0_5",1.01040406143
"4","Blacks Fork","bdp5_5_15",1.23572360682
"5","Blacks Fork","bdp50_0_5",1.30063106534
"6","Blacks Fork","bdp50_5_15",1.32232519608
"7","Blacks Fork","bdp95_0_5",1.48139637343
"8","Blacks Fork","bdp95_5_15",1.49325559326
"9","Blacks Fork","clmn_0_5",14.9197315279
"10","Blacks Fork","clmn_5_15",15.7875018266
"11","Blacks Fork","clp5_0_5",3.26191407388
"12","Blacks Fork","clp5_5_15",4.43810202455
"13","Blacks Fork","clp50_0_5",14.72610494
"14","Blacks Fork","clp50_5_15",15.6497233144
"15","Blacks Fork","clp95_0_5",21.7321601231
"16","Blacks Fork","clp95_5_15",22.6342046239
"17","Blacks Fork","samn_0_5",58.0444035845
"18","Blacks Fork","samn_5_15",57.072120406
"19","Blacks Fork","sap5_0_5",35.5846649107
"20","Blacks Fork","sap5_5_15",40.280071722
"21","Blacks Fork","sap50_0_5",53.753120676
"22","Blacks Fork","sap50_5_15",52.9917606647
"23","Blacks Fork","sap95_0_5",77.9457300145
"24","Blacks Fork","sap95_5_15",76.7838815195
"25","Blacks Fork","simn_0_5",24.9116941592
"26","Blacks Fork","simn_5_15",24.7602764603
"27","Blacks Fork","sip5_0_5",4.95251604658
"28","Blacks Fork","sip5_5_15",5.70433452738
"29","Blacks Fork","sip50_0_5",18.501162445
"30","Blacks Fork","sip50_5_15",18.5110713753
"31","Blacks Fork","sip95_0_5",33.5968799659
"32","Blacks Fork","sip95_5_15",33.2615249461
"33","Buffalo","bdmn_0_5",1.2891719888
"34","Buffalo","bdmn_5_15",1.31174706004
"35","Buffalo","bdp5_0_5",1.09401233446
"36","Buffalo","bdp5_5_15",1.10848281854
"37","Buffalo","bdp50_0_5",1.25923428987
"38","Buffalo","bdp50_5_15",1.29277497065
"39","Buffalo","bdp95_0_5",1.45633343644
"40","Buffalo","bdp95_5_15",1.46488812258
"41","Buffalo","clmn_0_5",17.4988297955
"42","Buffalo","clmn_5_15",19.510146432
"43","Buffalo","clp5_0_5",6.57293676053
"44","Buffalo","clp5_5_15",7.90761878711
"45","Buffalo","clp50_0_5",16.1118726796
"46","Buffalo","clp50_5_15",18.5141242374
"47","Buffalo","clp95_0_5",29.7490423803
"48","Buffalo","clp95_5_15",31.2239557363
"49","Buffalo","samn_0_5",46.9010520922
"50","Buffalo","samn_5_15",44.9699218026
"51","Buffalo","sap5_0_5",14.9935842093
"52","Buffalo","sap5_5_15",17.9633582842
"53","Buffalo","sap50_0_5",45.2488016101
"54","Buffalo","sap50_5_15",43.5674707538
"55","Buffalo","sap95_0_5",71.9889958029
"56","Buffalo","sap95_5_15",69.5884187142
"57","Buffalo","simn_0_5",30.9043889446
"58","Buffalo","simn_5_15",30.8097047648
"59","Buffalo","sip5_0_5",16.2166186551
"60","Buffalo","sip5_5_15",16.0148009585
"61","Buffalo","sip50_0_5",29.4718503026
"62","Buffalo","sip50_5_15",29.4334115955
"63","Buffalo","sip95_0_5",42.6838107422
"64","Buffalo","sip95_5_15",41.7817800091
"65","Continental Divide","bdmn_0_5",1.3040892418
"66","Continental Divide","bdmn_5_15",1.33126333677
"67","Continental Divide","bdp5_0_5",1.03128433991
"68","Continental Divide","bdp5_5_15",1.20875161043
"69","Continental Divide","bdp50_0_5",1.27565921803
"70","Continental Divide","bdp50_5_15",1.30218117817
"71","Continental Divide","bdp95_0_5",1.46603737532
"72","Continental Divide","bdp95_5_15",1.48162067677
"73","Continental Divide","clmn_0_5",15.4321003079
"74","Continental Divide","clmn_5_15",16.5237097076
"75","Continental Divide","clp5_0_5",4.01738790846
"76","Continental Divide","clp5_5_15",5.06722940032
"77","Continental Divide","clp50_0_5",15.2390348616
"78","Continental Divide","clp50_5_15",16.522701632
"79","Continental Divide","clp95_0_5",22.8613556657
"80","Continental Divide","clp95_5_15",23.7203125239
"81","Continental Divide","samn_0_5",55.4614536673
"82","Continental Divide","samn_5_15",54.2877041622
"83","Continental Divide","sap5_0_5",34.4508476739
"84","Continental Divide","sap5_5_15",36.7027290966
"85","Continental Divide","sap50_0_5",51.7709534481
"86","Continental Divide","sap50_5_15",50.4700401758
"87","Continental Divide","sap95_0_5",76.1884174201
"88","Continental Divide","sap95_5_15",75.2308690126
"89","Continental Divide","simn_0_5",26.6245399055
"90","Continental Divide","simn_5_15",26.580345555
"91","Continental Divide","sip5_0_5",6.75940915518
"92","Continental Divide","sip5_5_15",7.73409583999
"93","Continental Divide","sip50_0_5",20.9769629739
"94","Continental Divide","sip50_5_15",21.1966843467
"95","Continental Divide","sip95_0_5",36.3958644947
"96","Continental Divide","sip95_5_15",36.2567183456
"97","Crowheart","bdmn_0_5",1.3067105361
"98","Crowheart","bdmn_5_15",1.32662498862
"99","Crowheart","bdp5_0_5",1.14546993984
"100","Crowheart","bdp5_5_15",1.17443459666
"101","Crowheart","bdp50_0_5",1.28535651771
"102","Crowheart","bdp50_5_15",1.30662053452
"103","Crowheart","bdp95_0_5",1.46519451304
"104","Crowheart","bdp95_5_15",1.47333834936
"105","Crowheart","clmn_0_5",13.6423796034
"106","Crowheart","clmn_5_15",16.1942831067
"107","Crowheart","clp5_0_5",5.67044024675
"108","Crowheart","clp5_5_15",7.09034635168
"109","Crowheart","clp50_0_5",12.6827088081
"110","Crowheart","clp50_5_15",15.6822028655
"111","Crowheart","clp95_0_5",21.4904971489
"112","Crowheart","clp95_5_15",23.9447580729
"113","Crowheart","samn_0_5",57.1198788777
"114","Crowheart","samn_5_15",55.3432652064
"115","Crowheart","sap5_0_5",30.3710749748
"116","Crowheart","sap5_5_15",31.4300172918
"117","Crowheart","sap50_0_5",56.1721338404
"118","Crowheart","sap50_5_15",53.655534651
"119","Crowheart","sap95_0_5",74.4140368418
"120","Crowheart","sap95_5_15",72.250333736
"121","Crowheart","simn_0_5",27.6042176024
"122","Crowheart","simn_5_15",26.5740502851
"123","Crowheart","sip5_0_5",11.0973884818
"124","Crowheart","sip5_5_15",11.7058173547
"125","Crowheart","sip50_0_5",26.0102869527
"126","Crowheart","sip50_5_15",24.5928733271
"127","Crowheart","sip95_0_5",39.6646908986
"128","Crowheart","sip95_5_15",37.5246767497
"129","Daniel","bdmn_0_5",1.27845684525
"130","Daniel","bdmn_5_15",1.26315180351
"131","Daniel","bdp5_0_5",1.0202954329
"132","Daniel","bdp5_5_15",1.00928435571
"133","Daniel","bdp50_0_5",1.26357698661
"134","Daniel","bdp50_5_15",1.26259286376
"135","Daniel","bdp95_0_5",1.43290117818
"136","Daniel","bdp95_5_15",1.41991941662
"137","Daniel","clmn_0_5",16.5965721282
"138","Daniel","clmn_5_15",20.5383205475
"139","Daniel","clp5_0_5",7.73700216147
"140","Daniel","clp5_5_15",10.5980442852
"141","Daniel","clp50_0_5",14.592474147
"142","Daniel","clp50_5_15",18.1571414302
"143","Daniel","clp95_0_5",24.8060531893
"144","Daniel","clp95_5_15",29.4603115336
"145","Daniel","samn_0_5",48.7468286358
"146","Daniel","samn_5_15",45.4474410863
"147","Daniel","sap5_0_5",23.4036129965
"148","Daniel","sap5_5_15",20.9943962269
"149","Daniel","sap50_0_5",46.3002761457
"150","Daniel","sap50_5_15",43.8013507628
"151","Daniel","sap95_0_5",65.0719188251
"152","Daniel","sap95_5_15",60.9716254204
"153","Daniel","simn_0_5",31.574542759
"154","Daniel","simn_5_15",30.7258662701
"155","Daniel","sip5_0_5",11.4250954857
"156","Daniel","sip5_5_15",13.8810419607
"157","Daniel","sip50_0_5",29.8572029922
"158","Daniel","sip50_5_15",28.7491090157
"159","Daniel","sip95_0_5",43.2907374326
"160","Daniel","sip95_5_15",41.9495123623
"161","Douglas","bdmn_0_5",1.32018439349
"162","Douglas","bdmn_5_15",1.34091806424
"163","Douglas","bdp5_0_5",1.12000116547
"164","Douglas","bdp5_5_15",1.06525560689
"165","Douglas","bdp50_0_5",1.30746498834
"166","Douglas","bdp50_5_15",1.34228508725
"167","Douglas","bdp95_0_5",1.47208001573
"168","Douglas","bdp95_5_15",1.47704589153
"169","Douglas","clmn_0_5",15.1594005568
"170","Douglas","clmn_5_15",17.8808310626
"171","Douglas","clp5_0_5",4.76180647634
"172","Douglas","clp5_5_15",6.26367365542
"173","Douglas","clp50_0_5",13.9613434366
"174","Douglas","clp50_5_15",17.1262508287
"175","Douglas","clp95_0_5",26.8410877807
"176","Douglas","clp95_5_15",28.9802249938
"177","Douglas","samn_0_5",52.9236213373
"178","Douglas","samn_5_15",50.6576389474
"179","Douglas","sap5_0_5",24.1958595757
"180","Douglas","sap5_5_15",24.904665099
"181","Douglas","sap50_0_5",53.0561396785
"182","Douglas","sap50_5_15",50.1825847352
"183","Douglas","sap95_0_5",75.5693290586
"184","Douglas","sap95_5_15",73.5147949988
"185","Douglas","simn_0_5",27.8666317107
"186","Douglas","simn_5_15",27.1749398827
"187","Douglas","sip5_0_5",12.6743106199
"188","Douglas","sip5_5_15",12.3963417792
"189","Douglas","sip50_0_5",25.7249575288
"190","Douglas","sip50_5_15",25.1688489268
"191","Douglas","sip95_0_5",44.6378035137
"192","Douglas","sip95_5_15",43.8914135659
"193","Elk Basin East","bdmn_0_5",1.31168947563
"194","Elk Basin East","bdmn_5_15",1.3366796807
"195","Elk Basin East","bdp5_0_5",1.14486803732
"196","Elk Basin East","bdp5_5_15",1.23423279016
"197","Elk Basin East","bdp50_0_5",1.2922532724
"198","Elk Basin East","bdp50_5_15",1.31728846012
"199","Elk Basin East","bdp95_0_5",1.42224278292
"200","Elk Basin East","bdp95_5_15",1.43382875274
"201","Elk Basin East","clmn_0_5",15.5144940122
"202","Elk Basin East","clmn_5_15",20.0121532302
"203","Elk Basin East","clp5_0_5",7.84377053181
"204","Elk Basin East","clp5_5_15",12.1027012821
"205","Elk Basin East","clp50_0_5",14.9236122844
"206","Elk Basin East","clp50_5_15",19.3743359426
"207","Elk Basin East","clp95_0_5",22.4055349064
"208","Elk Basin East","clp95_5_15",26.5043410111
"209","Elk Basin East","samn_0_5",55.5465392668
"210","Elk Basin East","samn_5_15",51.6286470517
"211","Elk Basin East","sap5_0_5",32.9514041411
"212","Elk Basin East","sap5_5_15",29.6365423964
"213","Elk Basin East","sap50_0_5",55.1860440014
"214","Elk Basin East","sap50_5_15",51.1251337501
"215","Elk Basin East","sap95_0_5",68.8205074055
"216","Elk Basin East","sap95_5_15",63.9007292899
"217","Elk Basin East","simn_0_5",25.6550322682
"218","Elk Basin East","simn_5_15",24.7339498539
"219","Elk Basin East","sip5_0_5",13.5845441234
"220","Elk Basin East","sip5_5_15",10.9572046705
"221","Elk Basin East","sip50_0_5",24.128273357
"222","Elk Basin East","sip50_5_15",22.1105808038
"223","Elk Basin East","sip95_0_5",35.1249225657
"224","Elk Basin East","sip95_5_15",34.899743763
"225","Elk Basin West","bdmn_0_5",1.35699084972
"226","Elk Basin West","bdmn_5_15",1.36581881966
"227","Elk Basin West","bdp5_0_5",1.13110672771
"228","Elk Basin West","bdp5_5_15",1.15225698629
"229","Elk Basin West","bdp50_0_5",1.34271283357
"230","Elk Basin West","bdp50_5_15",1.35315523194
"231","Elk Basin West","bdp95_0_5",1.51351901502
"232","Elk Basin West","bdp95_5_15",1.50569001786
"233","Elk Basin West","clmn_0_5",14.0160336965
"234","Elk Basin West","clmn_5_15",15.4525641882
"235","Elk Basin West","clp5_0_5",4.85993915619
"236","Elk Basin West","clp5_5_15",5.21259306701
"237","Elk Basin West","clp50_0_5",12.3753502522
"238","Elk Basin West","clp50_5_15",13.5354335121
"239","Elk Basin West","clp95_0_5",25.063781923
"240","Elk Basin West","clp95_5_15",27.7850372268
"241","Elk Basin West","samn_0_5",56.3985454434
"242","Elk Basin West","samn_5_15",54.2068601714
"243","Elk Basin West","sap5_0_5",20.2049075334
"244","Elk Basin West","sap5_5_15",18.4205988312
"245","Elk Basin West","sap50_0_5",56.6307981747
"246","Elk Basin West","sap50_5_15",55.5924345529
"247","Elk Basin West","sap95_0_5",77.5364582499
"248","Elk Basin West","sap95_5_15",74.6009206629
"249","Elk Basin West","simn_0_5",26.5174588091
"250","Elk Basin West","simn_5_15",26.8622469122
"251","Elk Basin West","sip5_0_5",8.37647105916
"252","Elk Basin West","sip5_5_15",8.92829237051
"253","Elk Basin West","sip50_0_5",23.4644223841
"254","Elk Basin West","sip50_5_15",23.9130974301
"255","Elk Basin West","sip95_0_5",41.1860619646
"256","Elk Basin West","sip95_5_15",42.0858938436
"257","Fontenelle","bdmn_0_5",1.2889920072
"258","Fontenelle","bdmn_5_15",1.2988618923
"259","Fontenelle","bdp5_0_5",1.06225420277
"260","Fontenelle","bdp5_5_15",1.08380932023
"261","Fontenelle","bdp50_0_5",1.26647688928
"262","Fontenelle","bdp50_5_15",1.28944887777
"263","Fontenelle","bdp95_0_5",1.45718245193
"264","Fontenelle","bdp95_5_15",1.45371004013
"265","Fontenelle","clmn_0_5",14.8607717446
"266","Fontenelle","clmn_5_15",16.6861769777
"267","Fontenelle","clp5_0_5",6.08000639608
"268","Fontenelle","clp5_5_15",8.20188684436
"269","Fontenelle","clp50_0_5",13.5156140067
"270","Fontenelle","clp50_5_15",15.4676839647
"271","Fontenelle","clp95_0_5",24.1116690681
"272","Fontenelle","clp95_5_15",24.7749950998
"273","Fontenelle","samn_0_5",52.5151646006
"274","Fontenelle","samn_5_15",49.8578996827
"275","Fontenelle","sap5_0_5",28.2710635722
"276","Fontenelle","sap5_5_15",27.8579660457
"277","Fontenelle","sap50_0_5",50.3359501106
"278","Fontenelle","sap50_5_15",48.6332599732
"279","Fontenelle","sap95_0_5",68.9167934994
"280","Fontenelle","sap95_5_15",65.1016911793
"281","Fontenelle","simn_0_5",29.2175310353
"282","Fontenelle","simn_5_15",29.6243858166
"283","Fontenelle","sip5_0_5",11.4836714202
"284","Fontenelle","sip5_5_15",13.297899609
"285","Fontenelle","sip50_0_5",27.6866136182
"286","Fontenelle","sip50_5_15",27.7092096712
"287","Fontenelle","sip95_0_5",41.2174850328
"288","Fontenelle","sip95_5_15",40.8543863028
"289","Grass Creek","bdmn_0_5",1.30270021923
"290","Grass Creek","bdmn_5_15",1.32077476385
"291","Grass Creek","bdp5_0_5",1.14893274728
"292","Grass Creek","bdp5_5_15",1.15108011409
"293","Grass Creek","bdp50_0_5",1.27984510164
"294","Grass Creek","bdp50_5_15",1.30522457019
"295","Grass Creek","bdp95_0_5",1.47541557189
"296","Grass Creek","bdp95_5_15",1.47252086986
"297","Grass Creek","clmn_0_5",15.6645599693
"298","Grass Creek","clmn_5_15",16.9959927672
"299","Grass Creek","clp5_0_5",6.62545116265
"300","Grass Creek","clp5_5_15",7.75294254682
"301","Grass Creek","clp50_0_5",14.5470692578
"302","Grass Creek","clp50_5_15",15.9107154983
"303","Grass Creek","clp95_0_5",25.3745373461
"304","Grass Creek","clp95_5_15",25.7745743271
"305","Grass Creek","samn_0_5",50.6801525781
"306","Grass Creek","samn_5_15",49.5343613946
"307","Grass Creek","sap5_0_5",22.1573002427
"308","Grass Creek","sap5_5_15",22.230809852
"309","Grass Creek","sap50_0_5",49.7012057469
"310","Grass Creek","sap50_5_15",49.1777933432
"311","Grass Creek","sap95_0_5",71.9860323698
"312","Grass Creek","sap95_5_15",70.3090914694
"313","Grass Creek","simn_0_5",35.1051603879
"314","Grass Creek","simn_5_15",34.8469027179
"315","Grass Creek","sip5_0_5",14.4011354412
"316","Grass Creek","sip5_5_15",15.465261912
"317","Grass Creek","sip50_0_5",35.2743596494
"318","Grass Creek","sip50_5_15",33.6956481542
"319","Grass Creek","sip95_0_5",43.6218815585
"320","Grass Creek","sip95_5_15",43.6776810422
"321","Greater South Pass 1","bdmn_0_5",1.3204546382
"322","Greater South Pass 1","bdmn_5_15",1.32669174798
"323","Greater South Pass 1","bdp5_0_5",1.10415220405
"324","Greater South Pass 1","bdp5_5_15",1.13509898775
"325","Greater South Pass 1","bdp50_0_5",1.30212380101
"326","Greater South Pass 1","bdp50_5_15",1.30599599747
"327","Greater South Pass 1","bdp95_0_5",1.49032059165
"328","Greater South Pass 1","bdp95_5_15",1.4915036737
"329","Greater South Pass 1","clmn_0_5",13.1172465562
"330","Greater South Pass 1","clmn_5_15",15.9245699148
"331","Greater South Pass 1","clp5_0_5",5.50843010239
"332","Greater South Pass 1","clp5_5_15",7.97094632659
"333","Greater South Pass 1","clp50_0_5",11.4972434389
"334","Greater South Pass 1","clp50_5_15",14.5144250219
"335","Greater South Pass 1","clp95_0_5",21.6971312536
"336","Greater South Pass 1","clp95_5_15",24.1019635941
"337","Greater South Pass 1","samn_0_5",57.7596055842
"338","Greater South Pass 1","samn_5_15",54.4826571831
"339","Greater South Pass 1","sap5_0_5",33.1081219034
"340","Greater South Pass 1","sap5_5_15",32.6980384044
"341","Greater South Pass 1","sap50_0_5",56.3498134656
"342","Greater South Pass 1","sap50_5_15",53.3945566088
"343","Greater South Pass 1","sap95_0_5",74.0165928397
"344","Greater South Pass 1","sap95_5_15",70.3538795755
"345","Greater South Pass 1","simn_0_5",27.019808249
"346","Greater South Pass 1","simn_5_15",26.7883920886
"347","Greater South Pass 1","sip5_0_5",9.99388868214
"348","Greater South Pass 1","sip5_5_15",11.6336331243
"349","Greater South Pass 1","sip50_0_5",24.8446319841
"350","Greater South Pass 1","sip50_5_15",24.3193759753
"351","Greater South Pass 1","sip95_0_5",40.2986759757
"352","Greater South Pass 1","sip95_5_15",39.7425960124
"353","Hanna","bdmn_0_5",1.29943216526
"354","Hanna","bdmn_5_15",1.31611594814
"355","Hanna","bdp5_0_5",1.14612483503
"356","Hanna","bdp5_5_15",1.18448550046
"357","Hanna","bdp50_0_5",1.27929962345
"358","Hanna","bdp50_5_15",1.29792995515
"359","Hanna","bdp95_0_5",1.4636765169
"360","Hanna","bdp95_5_15",1.46446818493
"361","Hanna","clmn_0_5",13.0059260132
"362","Hanna","clmn_5_15",15.535417493
"363","Hanna","clp5_0_5",5.35066132134
"364","Hanna","clp5_5_15",6.29040571032
"365","Hanna","clp50_0_5",11.5526062713
"366","Hanna","clp50_5_15",14.7146463316
"367","Hanna","clp95_0_5",22.2753221973
"368","Hanna","clp95_5_15",24.0765418466
"369","Hanna","samn_0_5",61.1607430226
"370","Hanna","samn_5_15",58.9943463389
"371","Hanna","sap5_0_5",35.3302938432
"372","Hanna","sap5_5_15",34.3480215244
"373","Hanna","sap50_0_5",61.9919481337
"374","Hanna","sap50_5_15",59.9839080457
"375","Hanna","sap95_0_5",80.0313517776
"376","Hanna","sap95_5_15",77.0882696362
"377","Hanna","simn_0_5",23.8490863424
"378","Hanna","simn_5_15",23.6397976044
"379","Hanna","sip5_0_5",6.99955594585
"380","Hanna","sip5_5_15",8.52986928998
"381","Hanna","sip50_0_5",21.8022511615
"382","Hanna","sip50_5_15",20.767101792
"383","Hanna","sip95_0_5",37.2991881957
"384","Hanna","sip95_5_15",37.0765569034
"385","Heart Mountain","bdmn_0_5",1.30381390713
"386","Heart Mountain","bdmn_5_15",1.32427703561
"387","Heart Mountain","bdp5_0_5",1.11223165371
"388","Heart Mountain","bdp5_5_15",1.16407965044
"389","Heart Mountain","bdp50_0_5",1.28361512506
"390","Heart Mountain","bdp50_5_15",1.30811594839
"391","Heart Mountain","bdp95_0_5",1.45164352466
"392","Heart Mountain","bdp95_5_15",1.45741950256
"393","Heart Mountain","clmn_0_5",15.9243160191
"394","Heart Mountain","clmn_5_15",17.5345689654
"395","Heart Mountain","clp5_0_5",7.6055782584
"396","Heart Mountain","clp5_5_15",8.98185840592
"397","Heart Mountain","clp50_0_5",14.8438777035
"398","Heart Mountain","clp50_5_15",16.4649985976
"399","Heart Mountain","clp95_0_5",24.9874416447
"400","Heart Mountain","clp95_5_15",26.0133289996
"401","Heart Mountain","samn_0_5",51.715443165
"402","Heart Mountain","samn_5_15",50.5136540029
"403","Heart Mountain","sap5_0_5",23.6813346824
"404","Heart Mountain","sap5_5_15",23.7546376268
"405","Heart Mountain","sap50_0_5",50.8505173015
"406","Heart Mountain","sap50_5_15",49.9368150375
"407","Heart Mountain","sap95_0_5",71.1920096776
"408","Heart Mountain","sap95_5_15",69.1271366373
"409","Heart Mountain","simn_0_5",30.9217510768
"410","Heart Mountain","simn_5_15",30.2877202791
"411","Heart Mountain","sip5_0_5",10.6149583616
"412","Heart Mountain","sip5_5_15",12.5061284564
"413","Heart Mountain","sip50_0_5",28.8405290708
"414","Heart Mountain","sip50_5_15",28.330231534
"415","Heart Mountain","sip95_0_5",41.3444242318
"416","Heart Mountain","sip95_5_15",40.5936201668
"417","Hyattville","bdmn_0_5",1.31174523637
"418","Hyattville","bdmn_5_15",1.33004403709
"419","Hyattville","bdp5_0_5",1.13498425637
"420","Hyattville","bdp5_5_15",1.12697672257
"421","Hyattville","bdp50_0_5",1.29028116402
"422","Hyattville","bdp50_5_15",1.31899857638
"423","Hyattville","bdp95_0_5",1.48258780673
"424","Hyattville","bdp95_5_15",1.47996656623
"425","Hyattville","clmn_0_5",15.7173871011
"426","Hyattville","clmn_5_15",16.5797509384
"427","Hyattville","clp5_0_5",5.45001133676
"428","Hyattville","clp5_5_15",6.3684324605
"429","Hyattville","clp50_0_5",14.3838516329
"430","Hyattville","clp50_5_15",15.4143939296
"431","Hyattville","clp95_0_5",27.8075669662
"432","Hyattville","clp95_5_15",28.030754347
"433","Hyattville","samn_0_5",50.4321826993
"434","Hyattville","samn_5_15",49.573125919
"435","Hyattville","sap5_0_5",12.0099651909
"436","Hyattville","sap5_5_15",12.4786692637
"437","Hyattville","sap50_0_5",51.8332256439
"438","Hyattville","sap50_5_15",51.1336016955
"439","Hyattville","sap95_0_5",74.3852966296
"440","Hyattville","sap95_5_15",73.2080389985
"441","Hyattville","simn_0_5",30.0993005132
"442","Hyattville","simn_5_15",29.7590426486
"443","Hyattville","sip5_0_5",7.9504219273
"444","Hyattville","sip5_5_15",8.8105086506
"445","Hyattville","sip50_0_5",27.9395997242
"446","Hyattville","sip50_5_15",27.5025352056
"447","Hyattville","sip95_0_5",48.5595197677
"448","Hyattville","sip95_5_15",47.2023212756
"449","Jackson","bdmn_0_5",1.24423360577
"450","Jackson","bdmn_5_15",1.22387964094
"451","Jackson","bdp5_0_5",0.916907448282
"452","Jackson","bdp5_5_15",0.953344100905
"453","Jackson","bdp50_0_5",1.22378142808
"454","Jackson","bdp50_5_15",1.20277274581
"455","Jackson","bdp95_0_5",1.42345700501
"456","Jackson","bdp95_5_15",1.4311789005
"457","Jackson","clmn_0_5",14.8731078736
"458","Jackson","clmn_5_15",15.1352689389
"459","Jackson","clp5_0_5",7.11001713207
"460","Jackson","clp5_5_15",8.42318266686
"461","Jackson","clp50_0_5",13.9035064322
"462","Jackson","clp50_5_15",14.4323244732
"463","Jackson","clp95_0_5",22.1146117586
"464","Jackson","clp95_5_15",21.0605226307
"465","Jackson","samn_0_5",46.3889734615
"466","Jackson","samn_5_15",43.5851094041
"467","Jackson","sap5_0_5",13.4348263198
"468","Jackson","sap5_5_15",13.6036990398
"469","Jackson","sap50_0_5",38.6682559142
"470","Jackson","sap50_5_15",40.6915816902
"471","Jackson","sap95_0_5",62.7017173106
"472","Jackson","sap95_5_15",59.7259099489
"473","Jackson","simn_0_5",37.9804717793
"474","Jackson","simn_5_15",38.3969311583
"475","Jackson","sip5_0_5",13.1143091262
"476","Jackson","sip5_5_15",16.8555840805
"477","Jackson","sip50_0_5",36.840960268
"478","Jackson","sip50_5_15",37.0658122858
"479","Jackson","sip95_0_5",51.1689701779
"480","Jackson","sip95_5_15",49.8483337266
"481","Little Mountain","bdmn_0_5",1.27948510263
"482","Little Mountain","bdmn_5_15",1.29325427654
"483","Little Mountain","bdp5_0_5",1.0882501673
"484","Little Mountain","bdp5_5_15",1.09966473236
"485","Little Mountain","bdp50_0_5",1.25764082978
"486","Little Mountain","bdp50_5_15",1.27774476638
"487","Little Mountain","bdp95_0_5",1.4384830105
"488","Little Mountain","bdp95_5_15",1.44081087238
"489","Little Mountain","clmn_0_5",16.2594985124
"490","Little Mountain","clmn_5_15",17.3591108176
"491","Little Mountain","clp5_0_5",7.90501479584
"492","Little Mountain","clp5_5_15",8.32165685999
"493","Little Mountain","clp50_0_5",15.5122829542
"494","Little Mountain","clp50_5_15",16.7758995942
"495","Little Mountain","clp95_0_5",24.2645435259
"496","Little Mountain","clp95_5_15",24.8113890243
"497","Little Mountain","samn_0_5",50.0700654898
"498","Little Mountain","samn_5_15",48.3553344977
"499","Little Mountain","sap5_0_5",15.3565798598
"500","Little Mountain","sap5_5_15",17.176115181
"501","Little Mountain","sap50_0_5",48.1681233651
"502","Little Mountain","sap50_5_15",46.447260194
"503","Little Mountain","sap95_0_5",71.4346476804
"504","Little Mountain","sap95_5_15",69.4223475616
"505","Little Mountain","simn_0_5",31.5462178109
"506","Little Mountain","simn_5_15",31.5742232436
"507","Little Mountain","sip5_0_5",10.7229366491
"508","Little Mountain","sip5_5_15",11.8401259192
"509","Little Mountain","sip50_0_5",30.3371392869
"510","Little Mountain","sip50_5_15",30.0101751471
"511","Little Mountain","sip95_0_5",43.8868443999
"512","Little Mountain","sip95_5_15",44.0707419893
"513","Natrona 1","bdmn_0_5",1.28214523749
"514","Natrona 1","bdmn_5_15",1.30121995811
"515","Natrona 1","bdp5_0_5",1.09596095297
"516","Natrona 1","bdp5_5_15",1.10449338702
"517","Natrona 1","bdp50_0_5",1.24019348293
"518","Natrona 1","bdp50_5_15",1.26483858846
"519","Natrona 1","bdp95_0_5",1.43709393384
"520","Natrona 1","bdp95_5_15",1.44381872708
"521","Natrona 1","clmn_0_5",15.3332360946
"522","Natrona 1","clmn_5_15",17.8046133836
"523","Natrona 1","clp5_0_5",6.87203686734
"524","Natrona 1","clp5_5_15",7.66742437462
"525","Natrona 1","clp50_0_5",13.8198184949
"526","Natrona 1","clp50_5_15",16.7063341842
"527","Natrona 1","clp95_0_5",24.3286014463
"528","Natrona 1","clp95_5_15",26.1080514872
"529","Natrona 1","samn_0_5",53.7146421738
"530","Natrona 1","samn_5_15",51.7372399384
"531","Natrona 1","sap5_0_5",25.6990137955
"532","Natrona 1","sap5_5_15",25.5681396433
"533","Natrona 1","sap50_0_5",51.730003981
"534","Natrona 1","sap50_5_15",50.366538478
"535","Natrona 1","sap95_0_5",72.0159497436
"536","Natrona 1","sap95_5_15",69.6309966637
"537","Natrona 1","simn_0_5",28.8393372721
"538","Natrona 1","simn_5_15",28.0476786631
"539","Natrona 1","sip5_0_5",9.16767749539
"540","Natrona 1","sip5_5_15",10.2783550127
"541","Natrona 1","sip50_0_5",27.0803521331
"542","Natrona 1","sip50_5_15",25.918257923
"543","Natrona 1","sip95_0_5",41.1132727237
"544","Natrona 1","sip95_5_15",39.9344576528
"545","Newcastle","bdmn_0_5",1.30189124842
"546","Newcastle","bdmn_5_15",1.32499237663
"547","Newcastle","bdp5_0_5",1.13470568143
"548","Newcastle","bdp5_5_15",1.1354305555
"549","Newcastle","bdp50_0_5",1.2773262688
"550","Newcastle","bdp50_5_15",1.31227598435
"551","Newcastle","bdp95_0_5",1.46526849218
"552","Newcastle","bdp95_5_15",1.46782893106
"553","Newcastle","clmn_0_5",19.8781323491
"554","Newcastle","clmn_5_15",22.0969652086
"555","Newcastle","clp5_0_5",7.28869887644
"556","Newcastle","clp5_5_15",8.80422875641
"557","Newcastle","clp50_0_5",18.2202881824
"558","Newcastle","clp50_5_15",20.5761760224
"559","Newcastle","clp95_0_5",34.3401047597
"560","Newcastle","clp95_5_15",36.406345387
"561","Newcastle","samn_0_5",44.4918879317
"562","Newcastle","samn_5_15",42.7462729778
"563","Newcastle","sap5_0_5",16.6572513938
"564","Newcastle","sap5_5_15",16.6468950337
"565","Newcastle","sap50_0_5",42.3961117437
"566","Newcastle","sap50_5_15",40.7129818768
"567","Newcastle","sap95_0_5",70.7548220685
"568","Newcastle","sap95_5_15",68.8418468713
"569","Newcastle","simn_0_5",32.1823711791
"570","Newcastle","simn_5_15",31.6696208031
"571","Newcastle","sip5_0_5",14.531291213
"572","Newcastle","sip5_5_15",14.5786241435
"573","Newcastle","sip50_0_5",31.2912868014
"574","Newcastle","sip50_5_15",30.5411893271
"575","Newcastle","sip95_0_5",45.8531399173
"576","Newcastle","sip95_5_15",44.48049736
"577","North Gillette","bdmn_0_5",1.29945309316
"578","North Gillette","bdmn_5_15",1.30192669354
"579","North Gillette","bdp5_0_5",1.11359012802
"580","North Gillette","bdp5_5_15",1.14097935942
"581","North Gillette","bdp50_0_5",1.27245241483
"582","North Gillette","bdp50_5_15",1.27671413329
"583","North Gillette","bdp95_0_5",1.48940978477
"584","North Gillette","bdp95_5_15",1.48192280103
"585","North Gillette","clmn_0_5",17.3909112194
"586","North Gillette","clmn_5_15",19.3041167105
"587","North Gillette","clp5_0_5",7.28271998588
"588","North Gillette","clp5_5_15",9.1335099546
"589","North Gillette","clp50_0_5",16.5399507925
"590","North Gillette","clp50_5_15",18.4937663083
"591","North Gillette","clp95_0_5",28.1043908911
"592","North Gillette","clp95_5_15",30.1010285591
"593","North Gillette","samn_0_5",45.4404513723
"594","North Gillette","samn_5_15",41.2074400379
"595","North Gillette","sap5_0_5",17.2927021674
"596","North Gillette","sap5_5_15",16.0803470456
"597","North Gillette","sap50_0_5",44.9522832965
"598","North Gillette","sap50_5_15",39.2100050752
"599","North Gillette","sap95_0_5",70.4587417872
"600","North Gillette","sap95_5_15",67.2575659365
"601","North Gillette","simn_0_5",34.6277868428
"602","North Gillette","simn_5_15",33.5184447055
"603","North Gillette","sip5_0_5",16.7666047895
"604","North Gillette","sip5_5_15",16.2693175487
"605","North Gillette","sip50_0_5",34.2661800158
"606","North Gillette","sip50_5_15",33.2116021139
"607","North Gillette","sip95_0_5",47.4771615188
"608","North Gillette","sip95_5_15",45.6569676676
"609","North Glenrock","bdmn_0_5",1.32549938114
"610","North Glenrock","bdmn_5_15",1.3446177023
"611","North Glenrock","bdp5_0_5",1.16909481353
"612","North Glenrock","bdp5_5_15",1.05310373165
"613","North Glenrock","bdp50_0_5",1.30668266743
"614","North Glenrock","bdp50_5_15",1.33910042425
"615","North Glenrock","bdp95_0_5",1.47164456505
"616","North Glenrock","bdp95_5_15",1.47817443684
"617","North Glenrock","clmn_0_5",14.4958005239
"618","North Glenrock","clmn_5_15",16.8071760142
"619","North Glenrock","clp5_0_5",4.82941680972
"620","North Glenrock","clp5_5_15",6.22086548961
"621","North Glenrock","clp50_0_5",13.1748618644
"622","North Glenrock","clp50_5_15",15.8112225116
"623","North Glenrock","clp95_0_5",26.0676593611
"624","North Glenrock","clp95_5_15",28.3064280126
"625","North Glenrock","samn_0_5",55.4912856694
"626","North Glenrock","samn_5_15",53.3293915709
"627","North Glenrock","sap5_0_5",27.8210910003
"628","North Glenrock","sap5_5_15",28.4513453231
"629","North Glenrock","sap50_0_5",55.7218553526
"630","North Glenrock","sap50_5_15",52.7791715018
"631","North Glenrock","sap95_0_5",76.3881516484
"632","North Glenrock","sap95_5_15",74.2185226997
"633","North Glenrock","simn_0_5",25.9348644054
"634","North Glenrock","simn_5_15",25.639096684
"635","North Glenrock","sip5_0_5",11.7700579121
"636","North Glenrock","sip5_5_15",11.7986851605
"637","North Glenrock","sip50_0_5",24.0207145098
"638","North Glenrock","sip50_5_15",24.0824586689
"639","North Glenrock","sip95_0_5",40.1531643419
"640","North Glenrock","sip95_5_15",38.8319486669
"641","North Laramie","bdmn_0_5",1.27396118151
"642","North Laramie","bdmn_5_15",1.29465775333
"643","North Laramie","bdp5_0_5",1.0963610168
"644","North Laramie","bdp5_5_15",1.1476694629
"645","North Laramie","bdp50_0_5",1.24001204831
"646","North Laramie","bdp50_5_15",1.2537483852
"647","North Laramie","bdp95_0_5",1.43752401739
"648","North Laramie","bdp95_5_15",1.44531149997
"649","North Laramie","clmn_0_5",14.5290697535
"650","North Laramie","clmn_5_15",17.5354168454
"651","North Laramie","clp5_0_5",7.1014802687
"652","North Laramie","clp5_5_15",8.57873696173
"653","North Laramie","clp50_0_5",13.1454608806
"654","North Laramie","clp50_5_15",16.5564189449
"655","North Laramie","clp95_0_5",22.1303887713
"656","North Laramie","clp95_5_15",24.8157405704
"657","North Laramie","samn_0_5",55.3638415739
"658","North Laramie","samn_5_15",52.6680886744
"659","North Laramie","sap5_0_5",31.0956229227
"660","North Laramie","sap5_5_15",30.1098479059
"661","North Laramie","sap50_0_5",53.2355852553
"662","North Laramie","sap50_5_15",50.6139181699
"663","North Laramie","sap95_0_5",71.9320239579
"664","North Laramie","sap95_5_15",68.5921994451
"665","North Laramie","simn_0_5",27.7310068924
"666","North Laramie","simn_5_15",27.3256026692
"667","North Laramie","sip5_0_5",9.11138672214
"668","North Laramie","sip5_5_15",10.7430051648
"669","North Laramie","sip50_0_5",26.2219327947
"670","North Laramie","sip50_5_15",25.5375878753
"671","North Laramie","sip95_0_5",39.3688975185
"672","North Laramie","sip95_5_15",39.0777287867
"673","Oregon Basin","bdmn_0_5",1.31803182586
"674","Oregon Basin","bdmn_5_15",1.34202786944
"675","Oregon Basin","bdp5_0_5",1.13573899114
"676","Oregon Basin","bdp5_5_15",1.15642303444
"677","Oregon Basin","bdp50_0_5",1.29622857459
"678","Oregon Basin","bdp50_5_15",1.3273442954
"679","Oregon Basin","bdp95_0_5",1.48494177004
"680","Oregon Basin","bdp95_5_15",1.48555525572
"681","Oregon Basin","clmn_0_5",15.4027132967
"682","Oregon Basin","clmn_5_15",17.3375692848
"683","Oregon Basin","clp5_0_5",5.69685811828
"684","Oregon Basin","clp5_5_15",7.20959958257
"685","Oregon Basin","clp50_0_5",14.3211555371
"686","Oregon Basin","clp50_5_15",16.2982798627
"687","Oregon Basin","clp95_0_5",25.6573334342
"688","Oregon Basin","clp95_5_15",27.4796376197
"689","Oregon Basin","samn_0_5",53.2366267121
"690","Oregon Basin","samn_5_15",51.5254671905
"691","Oregon Basin","sap5_0_5",24.2357577452
"692","Oregon Basin","sap5_5_15",24.0673359055
"693","Oregon Basin","sap50_0_5",52.3996258553
"694","Oregon Basin","sap50_5_15",50.6049078593
"695","Oregon Basin","sap95_0_5",74.8280681383
"696","Oregon Basin","sap95_5_15",72.4845124262
"697","Oregon Basin","simn_0_5",29.5558183822
"698","Oregon Basin","simn_5_15",29.1650607039
"699","Oregon Basin","sip5_0_5",11.1136763118
"700","Oregon Basin","sip5_5_15",11.875273089
"701","Oregon Basin","sip50_0_5",28.7193490565
"702","Oregon Basin","sip50_5_15",28.16597429
"703","Oregon Basin","sip95_0_5",42.4201764337
"704","Oregon Basin","sip95_5_15",41.5221059242
"705","Sage","bdmn_0_5",1.30257385533
"706","Sage","bdmn_5_15",1.31282592885
"707","Sage","bdp5_0_5",1.08410176478
"708","Sage","bdp5_5_15",1.11447936641
"709","Sage","bdp50_0_5",1.29029937086
"710","Sage","bdp50_5_15",1.30172126843
"711","Sage","bdp95_0_5",1.47404887502
"712","Sage","bdp95_5_15",1.46656864889
"713","Sage","clmn_0_5",17.1612602108
"714","Sage","clmn_5_15",19.2013580105
"715","Sage","clp5_0_5",7.89336486053
"716","Sage","clp5_5_15",10.4221717857
"717","Sage","clp50_0_5",16.066123168
"718","Sage","clp50_5_15",18.174286247
"719","Sage","clp95_0_5",26.5085857631
"720","Sage","clp95_5_15",27.6081328338
"721","Sage","samn_0_5",46.1188404491
"722","Sage","samn_5_15",43.4020214168
"723","Sage","sap5_0_5",19.4590448942
"724","Sage","sap5_5_15",19.7561974298
"725","Sage","sap50_0_5",45.1312092574
"726","Sage","sap50_5_15",42.3801042656
"727","Sage","sap95_0_5",64.4642537348
"728","Sage","sap95_5_15",60.7253048318
"729","Sage","simn_0_5",34.1207373064
"730","Sage","simn_5_15",34.1842160405
"731","Sage","sip5_0_5",13.0939243697
"732","Sage","sip5_5_15",14.7565143111
"733","Sage","sip50_0_5",31.2799303694
"734","Sage","sip50_5_15",30.8446456077
"735","Sage","sip95_0_5",48.0602603088
"736","Sage","sip95_5_15",46.702601479
"737","Seedskadee","bdmn_0_5",1.35480712213
"738","Seedskadee","bdmn_5_15",1.37380664361
"739","Seedskadee","bdp5_0_5",1.12670306521
"740","Seedskadee","bdp5_5_15",1.22481202473
"741","Seedskadee","bdp50_0_5",1.32794943524
"742","Seedskadee","bdp50_5_15",1.34963576927
"743","Seedskadee","bdp95_0_5",1.51613579135
"744","Seedskadee","bdp95_5_15",1.50698781932
"745","Seedskadee","clmn_0_5",12.6271607218
"746","Seedskadee","clmn_5_15",15.3157667287
"747","Seedskadee","clp5_0_5",3.39479275996
"748","Seedskadee","clp5_5_15",7.19678950181
"749","Seedskadee","clp50_0_5",11.6730166191
"750","Seedskadee","clp50_5_15",14.1399039297
"751","Seedskadee","clp95_0_5",20.6414782715
"752","Seedskadee","clp95_5_15",22.480550923
"753","Seedskadee","samn_0_5",61.1260435951
"754","Seedskadee","samn_5_15",57.0426758716
"755","Seedskadee","sap5_0_5",40.9198148136
"756","Seedskadee","sap5_5_15",40.7955223016
"757","Seedskadee","sap50_0_5",58.3377011391
"758","Seedskadee","sap50_5_15",54.6216975847
"759","Seedskadee","sap95_0_5",76.2069019916
"760","Seedskadee","sap95_5_15",71.3337797724
"761","Seedskadee","simn_0_5",24.8216443706
"762","Seedskadee","simn_5_15",25.3331024338
"763","Seedskadee","sip5_0_5",8.43197491356
"764","Seedskadee","sip5_5_15",10.3850537337
"765","Seedskadee","sip50_0_5",22.99762078
"766","Seedskadee","sip50_5_15",23.5824774795
"767","Seedskadee","sip95_0_5",31.86479012
"768","Seedskadee","sip95_5_15",31.8946961746
"769","Shell","bdmn_0_5",1.30258992243
"770","Shell","bdmn_5_15",1.32685119562
"771","Shell","bdp5_0_5",1.09054584317
"772","Shell","bdp5_5_15",1.123008138
"773","Shell","bdp50_0_5",1.27646584879
"774","Shell","bdp50_5_15",1.30794074144
"775","Shell","bdp95_0_5",1.47584883981
"776","Shell","bdp95_5_15",1.47482673921
"777","Shell","clmn_0_5",15.0427566373
"778","Shell","clmn_5_15",16.2345904502
"779","Shell","clp5_0_5",5.7380591917
"780","Shell","clp5_5_15",6.8645569854
"781","Shell","clp50_0_5",13.7992171778
"782","Shell","clp50_5_15",15.1201789044
"783","Shell","clp95_0_5",24.7512277754
"784","Shell","clp95_5_15",25.443960822
"785","Shell","samn_0_5",52.3786765525
"786","Shell","samn_5_15",51.0447827556
"787","Shell","sap5_0_5",16.9773046175
"788","Shell","sap5_5_15",16.2287677935
"789","Shell","sap50_0_5",52.5478140059
"790","Shell","sap50_5_15",50.8659693887
"791","Shell","sap95_0_5",73.4474179791
"792","Shell","sap95_5_15",72.0385318391
"793","Shell","simn_0_5",29.2185255677
"794","Shell","simn_5_15",29.046316761
"795","Shell","sip5_0_5",8.22632608977
"796","Shell","sip5_5_15",9.53139135572
"797","Shell","sip50_0_5",26.7996833632
"798","Shell","sip50_5_15",26.9715349962
"799","Shell","sip95_0_5",46.3063345826
"800","Shell","sip95_5_15",45.2222181194
"801","South Rawlins","bdmn_0_5",1.28704164201
"802","South Rawlins","bdmn_5_15",1.30579883098
"803","South Rawlins","bdp5_0_5",1.08712957384
"804","South Rawlins","bdp5_5_15",1.15792700336
"805","South Rawlins","bdp50_0_5",1.26853375952
"806","South Rawlins","bdp50_5_15",1.28871168611
"807","South Rawlins","bdp95_0_5",1.43763508957
"808","South Rawlins","bdp95_5_15",1.44267123564
"809","South Rawlins","clmn_0_5",14.0906395906
"810","South Rawlins","clmn_5_15",16.3157020025
"811","South Rawlins","clp5_0_5",6.5096986755
"812","South Rawlins","clp5_5_15",7.34001718593
"813","South Rawlins","clp50_0_5",12.9409682146
"814","South Rawlins","clp50_5_15",15.3923556388
"815","South Rawlins","clp95_0_5",21.805798305
"816","South Rawlins","clp95_5_15",23.7400687972
"817","South Rawlins","samn_0_5",58.1364295572
"818","South Rawlins","samn_5_15",56.0402584337
"819","South Rawlins","sap5_0_5",33.3256284537
"820","South Rawlins","sap5_5_15",34.1769613654
"821","South Rawlins","sap50_0_5",56.224215806
"822","South Rawlins","sap50_5_15",54.9040967184
"823","South Rawlins","sap95_0_5",74.0691694618
"824","South Rawlins","sap95_5_15",71.0718252265
"825","South Rawlins","simn_0_5",25.646282429
"826","South Rawlins","simn_5_15",25.3796844
"827","South Rawlins","sip5_0_5",9.67853003024
"828","South Rawlins","sip5_5_15",10.3175888199
"829","South Rawlins","sip50_0_5",22.5966498695
"830","South Rawlins","sip50_5_15",21.6137315861
"831","South Rawlins","sip95_0_5",36.1303472936
"832","South Rawlins","sip95_5_15",35.6268407261
"833","Salt Wells","bdmn_0_5",1.29396224723
"834","Salt Wells","bdmn_5_15",1.2965681103
"835","Salt Wells","bdp5_0_5",1.08139983912
"836","Salt Wells","bdp5_5_15",1.14700122591
"837","Salt Wells","bdp50_0_5",1.26502757836
"838","Salt Wells","bdp50_5_15",1.27148031271
"839","Salt Wells","bdp95_0_5",1.44330806777
"840","Salt Wells","bdp95_5_15",1.44229782032
"841","Salt Wells","clmn_0_5",17.6546235047
"842","Salt Wells","clmn_5_15",18.9096689559
"843","Salt Wells","clp5_0_5",7.71425460183
"844","Salt Wells","clp5_5_15",8.88552543763
"845","Salt Wells","clp50_0_5",16.9735911523
"846","Salt Wells","clp50_5_15",18.3999211257
"847","Salt Wells","clp95_0_5",25.4612184854
"848","Salt Wells","clp95_5_15",25.6504592548
"849","Salt Wells","samn_0_5",48.1404789918
"850","Salt Wells","samn_5_15",45.9400836279
"851","Salt Wells","sap5_0_5",22.3801658805
"852","Salt Wells","sap5_5_15",26.9083201952
"853","Salt Wells","sap50_0_5",45.1464634711
"854","Salt Wells","sap50_5_15",42.9798508361
"855","Salt Wells","sap95_0_5",66.2662609154
"856","Salt Wells","sap95_5_15",64.1769659029
"857","Salt Wells","simn_0_5",34.1678815455
"858","Salt Wells","simn_5_15",34.2500898693
"859","Salt Wells","sip5_0_5",12.2433262488
"860","Salt Wells","sip5_5_15",13.3935029689
"861","Salt Wells","sip50_0_5",28.3528890535
"862","Salt Wells","sip50_5_15",28.1315185608
"863","Salt Wells","sip95_0_5",43.7511828878
"864","Salt Wells","sip95_5_15",43.7452890502
"865","Thermopolis","bdmn_0_5",1.29625211559
"866","Thermopolis","bdmn_5_15",1.32215554711
"867","Thermopolis","bdp5_0_5",1.14446570296
"868","Thermopolis","bdp5_5_15",1.12996654395
"869","Thermopolis","bdp50_0_5",1.27049564893
"870","Thermopolis","bdp50_5_15",1.30858614564
"871","Thermopolis","bdp95_0_5",1.45872719303
"872","Thermopolis","bdp95_5_15",1.46037487812
"873","Thermopolis","clmn_0_5",15.7516766146
"874","Thermopolis","clmn_5_15",17.3496669675
"875","Thermopolis","clp5_0_5",6.6348694295
"876","Thermopolis","clp5_5_15",7.80932108916
"877","Thermopolis","clp50_0_5",15.0926256236
"878","Thermopolis","clp50_5_15",16.6771202029
"879","Thermopolis","clp95_0_5",24.1688567766
"880","Thermopolis","clp95_5_15",25.8774699702
"881","Thermopolis","samn_0_5",50.6729340018
"882","Thermopolis","samn_5_15",49.3075441915
"883","Thermopolis","sap5_0_5",21.3807586188
"884","Thermopolis","sap5_5_15",22.9289387141
"885","Thermopolis","sap50_0_5",49.8777626042
"886","Thermopolis","sap50_5_15",48.3830509183
"887","Thermopolis","sap95_0_5",71.8490844737
"888","Thermopolis","sap95_5_15",69.9925378334
"889","Thermopolis","simn_0_5",32.7561546964
"890","Thermopolis","simn_5_15",32.5936714281
"891","Thermopolis","sip5_0_5",14.0897828935
"892","Thermopolis","sip5_5_15",14.7406566149
"893","Thermopolis","sip50_0_5",32.1975209721
"894","Thermopolis","sip50_5_15",31.4638945403
"895","Thermopolis","sip95_0_5",44.6725356038
"896","Thermopolis","sip95_5_15",44.3762994342
"897","Thunder Basin","bdmn_0_5",1.30131536671
"898","Thunder Basin","bdmn_5_15",1.32329087625
"899","Thunder Basin","bdp5_0_5",1.12772070192
"900","Thunder Basin","bdp5_5_15",1.09580486277
"901","Thunder Basin","bdp50_0_5",1.27675971543
"902","Thunder Basin","bdp50_5_15",1.31380306983
"903","Thunder Basin","bdp95_0_5",1.45923382974
"904","Thunder Basin","bdp95_5_15",1.4663869732
"905","Thunder Basin","clmn_0_5",16.3280697864
"906","Thunder Basin","clmn_5_15",18.438893117
"907","Thunder Basin","clp5_0_5",5.31788923543
"908","Thunder Basin","clp5_5_15",6.60245178973
"909","Thunder Basin","clp50_0_5",14.7093071164
"910","Thunder Basin","clp50_5_15",17.1518679072
"911","Thunder Basin","clp95_0_5",29.7917183772
"912","Thunder Basin","clp95_5_15",31.3746419322
"913","Thunder Basin","samn_0_5",49.7765652262
"914","Thunder Basin","samn_5_15",48.1705016741
"915","Thunder Basin","sap5_0_5",18.6975805795
"916","Thunder Basin","sap5_5_15",20.6056299649
"917","Thunder Basin","sap50_0_5",49.3363618002
"918","Thunder Basin","sap50_5_15",47.8509789315
"919","Thunder Basin","sap95_0_5",74.4207178274
"920","Thunder Basin","sap95_5_15",72.7396096224
"921","Thunder Basin","simn_0_5",29.9687722241
"922","Thunder Basin","simn_5_15",29.535091419
"923","Thunder Basin","sip5_0_5",13.4553592929
"924","Thunder Basin","sip5_5_15",13.337088246
"925","Thunder Basin","sip50_0_5",28.5876895101
"926","Thunder Basin","sip50_5_15",28.1444523663
"927","Thunder Basin","sip95_0_5",44.1622845885
"928","Thunder Basin","sip95_5_15",43.1088589369
"929","Uinta","bdmn_0_5",1.28633183147
"930","Uinta","bdmn_5_15",1.31178506745
"931","Uinta","bdp5_0_5",1.06544436578
"932","Uinta","bdp5_5_15",1.14200414226
"933","Uinta","bdp50_0_5",1.26246154388
"934","Uinta","bdp50_5_15",1.2948542522
"935","Uinta","bdp95_0_5",1.43595222236
"936","Uinta","bdp95_5_15",1.44046065532
"937","Uinta","clmn_0_5",15.9020292386
"938","Uinta","clmn_5_15",18.127010634
"939","Uinta","clp5_0_5",6.8317120431
"940","Uinta","clp5_5_15",8.38691065052
"941","Uinta","clp50_0_5",14.7777776936
"942","Uinta","clp50_5_15",17.3185255829
"943","Uinta","clp95_0_5",23.7994950543
"944","Uinta","clp95_5_15",24.6848202693
"945","Uinta","samn_0_5",52.3627615963
"946","Uinta","samn_5_15",49.5559046722
"947","Uinta","sap5_0_5",23.7925170171
"948","Uinta","sap5_5_15",26.0284757246
"949","Uinta","sap50_0_5",51.8192868646
"950","Uinta","sap50_5_15",48.7836649391
"951","Uinta","sap95_0_5",68.5994665725
"952","Uinta","sap95_5_15",64.7753877992
"953","Uinta","simn_0_5",30.0790410015
"954","Uinta","simn_5_15",30.6502935093
"955","Uinta","sip5_0_5",10.7666190455
"956","Uinta","sip5_5_15",12.4973745249
"957","Uinta","sip50_0_5",26.2076284218
"958","Uinta","sip50_5_15",26.7663433176
"959","Uinta","sip95_0_5",41.6673251817
"960","Uinta","sip95_5_15",41.7598682566
"961","Washakie","bdmn_0_5",1.31642904794
"962","Washakie","bdmn_5_15",1.33157703905
"963","Washakie","bdp5_0_5",1.12996599277
"964","Washakie","bdp5_5_15",1.11541236496
"965","Washakie","bdp50_0_5",1.29488460144
"966","Washakie","bdp50_5_15",1.31995557514
"967","Washakie","bdp95_0_5",1.48389378543
"968","Washakie","bdp95_5_15",1.48282744706
"969","Washakie","clmn_0_5",15.745820788
"970","Washakie","clmn_5_15",17.1942984044
"971","Washakie","clp5_0_5",5.61600272734
"972","Washakie","clp5_5_15",6.61121151233
"973","Washakie","clp50_0_5",14.2948355729
"974","Washakie","clp50_5_15",15.8773281495
"975","Washakie","clp95_0_5",27.7660364996
"976","Washakie","clp95_5_15",28.4552475599
"977","Washakie","samn_0_5",51.5096460576
"978","Washakie","samn_5_15",49.9724403686
"979","Washakie","sap5_0_5",16.7759772857
"980","Washakie","sap5_5_15",17.9580652874
"981","Washakie","sap50_0_5",52.2623204859
"982","Washakie","sap50_5_15",50.6939353165
"983","Washakie","sap95_0_5",74.4213642769
"984","Washakie","sap95_5_15",72.349371985
"985","Washakie","simn_0_5",29.8031942875
"986","Washakie","simn_5_15",29.6745957236
"987","Washakie","sip5_0_5",12.3702687218
"988","Washakie","sip5_5_15",12.6113906904
"989","Washakie","sip50_0_5",27.9426549124
"990","Washakie","sip50_5_15",27.8136911977
"991","Washakie","sip95_0_5",44.8546675875
"992","Washakie","sip95_5_15",43.6219198619
"993","Powder","bdmn_0_5",1.30068768182
"994","Powder","bdmn_5_15",1.32557542497
"995","Powder","bdp5_0_5",1.06198888486
"996","Powder","bdp5_5_15",1.18989836862
"997","Powder","bdp50_0_5",1.27102432191
"998","Powder","bdp50_5_15",1.30057457943
"999","Powder","bdp95_0_5",1.46558312246
"1000","Powder","bdp95_5_15",1.47239610447
"1001","Powder","clmn_0_5",16.1074557399
"1002","Powder","clmn_5_15",17.5535322125
"1003","Powder","clp5_0_5",5.63626251227
"1004","Powder","clp5_5_15",7.74117253593
"1005","Powder","clp50_0_5",15.5882790607
"1006","Powder","clp50_5_15",17.2430068333
"1007","Powder","clp95_0_5",24.4232335495
"1008","Powder","clp95_5_15",24.8164862818
"1009","Powder","samn_0_5",53.1020397486
"1010","Powder","samn_5_15",51.1522241606
"1011","Powder","sap5_0_5",28.369828239
"1012","Powder","sap5_5_15",31.394185351
"1013","Powder","sap50_0_5",51.1358602928
"1014","Powder","sap50_5_15",49.203515663
"1015","Powder","sap95_0_5",72.8165186951
"1016","Powder","sap95_5_15",70.3668020167
"1017","Powder","simn_0_5",28.892818047
"1018","Powder","simn_5_15",29.2118988291
"1019","Powder","sip5_0_5",9.22742193554
"1020","Powder","sip5_5_15",10.7475638468
"1021","Powder","sip50_0_5",25.1501103525
"1022","Powder","sip50_5_15",25.30610077
"1023","Powder","sip95_0_5",40.0289082321
"1024","Powder","sip95_5_15",39.8584172887
"1025","Bear River","bdmn_0_5",1.30570787115
"1026","Bear River","bdmn_5_15",1.30829983319
"1027","Bear River","bdp5_0_5",1.03770790038
"1028","Bear River","bdp5_5_15",1.13366060181
"1029","Bear River","bdp50_0_5",1.3049159159
"1030","Bear River","bdp50_5_15",1.31226118178
"1031","Bear River","bdp95_0_5",1.42372838541
"1032","Bear River","bdp95_5_15",1.41260784178
"1033","Bear River","clmn_0_5",16.41971756
"1034","Bear River","clmn_5_15",17.3846043808
"1035","Bear River","clp5_0_5",9.83151606869
"1036","Bear River","clp5_5_15",10.4086260539
"1037","Bear River","clp50_0_5",14.993095961
"1038","Bear River","clp50_5_15",15.8773111376
"1039","Bear River","clp95_0_5",22.0740645004
"1040","Bear River","clp95_5_15",23.7974517563
"1041","Bear River","samn_0_5",29.9246792209
"1042","Bear River","samn_5_15",29.7227060534
"1043","Bear River","sap5_0_5",10.3480077453
"1044","Bear River","sap5_5_15",13.5479663869
"1045","Bear River","sap50_0_5",25.142963896
"1046","Bear River","sap50_5_15",25.7082115296
"1047","Bear River","sap95_0_5",49.1352749866
"1048","Bear River","sap95_5_15",46.9624437196
"1049","Bear River","simn_0_5",51.8100713527
"1050","Bear River","simn_5_15",50.8955678814
"1051","Bear River","sip5_0_5",26.9093263275
"1052","Bear River","sip5_5_15",24.2919670636
"1053","Bear River","sip50_0_5",51.9816189948
"1054","Bear River","sip50_5_15",50.2374209255
"1055","Bear River","sip95_0_5",64.1416855443
"1056","Bear River","sip95_5_15",62.9361717127
"1057","Natrona 2","bdmn_0_5",1.31789410069
"1058","Natrona 2","bdmn_5_15",1.33541119735
"1059","Natrona 2","bdp5_0_5",1.15992764008
"1060","Natrona 2","bdp5_5_15",1.16570147665
"1061","Natrona 2","bdp50_0_5",1.29712409602
"1062","Natrona 2","bdp50_5_15",1.31925102682
"1063","Natrona 2","bdp95_0_5",1.4781402968
"1064","Natrona 2","bdp95_5_15",1.47956278676
"1065","Natrona 2","clmn_0_5",14.385515993
"1066","Natrona 2","clmn_5_15",17.3731989189
"1067","Natrona 2","clp5_0_5",5.47358412317
"1068","Natrona 2","clp5_5_15",7.14858075196
"1069","Natrona 2","clp50_0_5",13.1928517534
"1070","Natrona 2","clp50_5_15",16.6016396948
"1071","Natrona 2","clp95_0_5",24.2545794382
"1072","Natrona 2","clp95_5_15",27.2633177687
"1073","Natrona 2","samn_0_5",56.8784164597
"1074","Natrona 2","samn_5_15",54.0432939094
"1075","Natrona 2","sap5_0_5",29.4311253449
"1076","Natrona 2","sap5_5_15",28.6785074066
"1077","Natrona 2","sap50_0_5",57.5647994189
"1078","Natrona 2","sap50_5_15",54.2249320069
"1079","Natrona 2","sap95_0_5",76.9571904122
"1080","Natrona 2","sap95_5_15",73.7522412319
"1081","Natrona 2","simn_0_5",25.3673564912
"1082","Natrona 2","simn_5_15",25.1524885024
"1083","Natrona 2","sip5_0_5",9.27277381135
"1084","Natrona 2","sip5_5_15",10.3967293598
"1085","Natrona 2","sip50_0_5",23.5636917744
"1086","Natrona 2","sip50_5_15",23.406753098
"1087","Natrona 2","sip95_0_5",40.0326230696
"1088","Natrona 2","sip95_5_15",38.9256835885
"1089","Greater South Pass 2","bdmn_0_5",1.33634695778
"1090","Greater South Pass 2","bdmn_5_15",1.35839854744
"1091","Greater South Pass 2","bdp5_0_5",1.08646066886
"1092","Greater South Pass 2","bdp5_5_15",1.20914778769
"1093","Greater South Pass 2","bdp50_0_5",1.31076580147
"1094","Greater South Pass 2","bdp50_5_15",1.33383865597
"1095","Greater South Pass 2","bdp95_0_5",1.50368615595
"1096","Greater South Pass 2","bdp95_5_15",1.50982075437
"1097","Greater South Pass 2","clmn_0_5",12.2406956489
"1098","Greater South Pass 2","clmn_5_15",13.9102583442
"1099","Greater South Pass 2","clp5_0_5",2.97774170218
"1100","Greater South Pass 2","clp5_5_15",4.72396050489
"1101","Greater South Pass 2","clp50_0_5",11.0044213438
"1102","Greater South Pass 2","clp50_5_15",12.6721555904
"1103","Greater South Pass 2","clp95_0_5",20.6191897464
"1104","Greater South Pass 2","clp95_5_15",22.2309935485
"1105","Greater South Pass 2","samn_0_5",62.4754635893
"1106","Greater South Pass 2","samn_5_15",60.5288458242
"1107","Greater South Pass 2","sap5_0_5",36.6093298746
"1108","Greater South Pass 2","sap5_5_15",37.9207151506
"1109","Greater South Pass 2","sap50_0_5",60.1671580903
"1110","Greater South Pass 2","sap50_5_15",58.4238059689
"1111","Greater South Pass 2","sap95_0_5",79.8964770253
"1112","Greater South Pass 2","sap95_5_15",77.5866200715
"1113","Greater South Pass 2","simn_0_5",22.7065079963
"1114","Greater South Pass 2","simn_5_15",22.8280827662
"1115","Greater South Pass 2","sip5_0_5",6.35701276455
"1116","Greater South Pass 2","sip5_5_15",7.06595472257
"1117","Greater South Pass 2","sip50_0_5",18.0598976392
"1118","Greater South Pass 2","sip50_5_15",18.3890474091
"1119","Greater South Pass 2","sip95_0_5",34.0221537202
"1120","Greater South Pass 2","sip95_5_15",33.7967404866
"1121","Greater South Pass 3","bdmn_0_5",1.29700755154
"1122","Greater South Pass 3","bdmn_5_15",1.31417682298
"1123","Greater South Pass 3","bdp5_0_5",1.10199320358
"1124","Greater South Pass 3","bdp5_5_15",1.14800331441
"1125","Greater South Pass 3","bdp50_0_5",1.27251372076
"1126","Greater South Pass 3","bdp50_5_15",1.28730401671
"1127","Greater South Pass 3","bdp95_0_5",1.44635180762
"1128","Greater South Pass 3","bdp95_5_15",1.45499352043
"1129","Greater South Pass 3","clmn_0_5",14.5432156962
"1130","Greater South Pass 3","clmn_5_15",16.3007259447
"1131","Greater South Pass 3","clp5_0_5",5.52206285706
"1132","Greater South Pass 3","clp5_5_15",7.85117671929
"1133","Greater South Pass 3","clp50_0_5",13.1739931224
"1134","Greater South Pass 3","clp50_5_15",15.2677699952
"1135","Greater South Pass 3","clp95_0_5",22.8017618355
"1136","Greater South Pass 3","clp95_5_15",23.7322388575
"1137","Greater South Pass 3","samn_0_5",55.0548262258
"1138","Greater South Pass 3","samn_5_15",53.2783412704
"1139","Greater South Pass 3","sap5_0_5",29.0895884879
"1140","Greater South Pass 3","sap5_5_15",30.0229362195
"1141","Greater South Pass 3","sap50_0_5",53.3872066597
"1142","Greater South Pass 3","sap50_5_15",51.4314009057
"1143","Greater South Pass 3","sap95_0_5",72.0594355044
"1144","Greater South Pass 3","sap95_5_15",69.5601617293
"1145","Greater South Pass 3","simn_0_5",29.7784600577
"1146","Greater South Pass 3","simn_5_15",29.0557803414
"1147","Greater South Pass 3","sip5_0_5",12.7170253782
"1148","Greater South Pass 3","sip5_5_15",12.9778252634
"1149","Greater South Pass 3","sip50_0_5",27.3234892066
"1150","Greater South Pass 3","sip50_5_15",25.953359057
"1151","Greater South Pass 3","sip95_0_5",40.5142500637
"1152","Greater South Pass 3","sip95_5_15",40.0276327177
"1153","Greater South Pass 4","bdmn_0_5",1.31151182857
"1154","Greater South Pass 4","bdmn_5_15",1.32672681895
"1155","Greater South Pass 4","bdp5_0_5",1.16400314043
"1156","Greater South Pass 4","bdp5_5_15",1.19246731593
"1157","Greater South Pass 4","bdp50_0_5",1.29187826364
"1158","Greater South Pass 4","bdp50_5_15",1.30904168913
"1159","Greater South Pass 4","bdp95_0_5",1.45480365318
"1160","Greater South Pass 4","bdp95_5_15",1.45951671143
"1161","Greater South Pass 4","clmn_0_5",12.5386666478
"1162","Greater South Pass 4","clmn_5_15",15.1111374878
"1163","Greater South Pass 4","clp5_0_5",4.67696744874
"1164","Greater South Pass 4","clp5_5_15",6.3494842051
"1165","Greater South Pass 4","clp50_0_5",11.4184297341
"1166","Greater South Pass 4","clp50_5_15",14.2417543854
"1167","Greater South Pass 4","clp95_0_5",21.1373769025
"1168","Greater South Pass 4","clp95_5_15",23.8991479424
"1169","Greater South Pass 4","samn_0_5",61.4401462865
"1170","Greater South Pass 4","samn_5_15",59.3527628886
"1171","Greater South Pass 4","sap5_0_5",33.9570486009
"1172","Greater South Pass 4","sap5_5_15",33.360161183
"1173","Greater South Pass 4","sap50_0_5",62.1021789977
"1174","Greater South Pass 4","sap50_5_15",59.9556261393
"1175","Greater South Pass 4","sap95_0_5",78.9656059378
"1176","Greater South Pass 4","sap95_5_15",76.2015216592
"1177","Greater South Pass 4","simn_0_5",24.0775302064
"1178","Greater South Pass 4","simn_5_15",23.3802812204
"1179","Greater South Pass 4","sip5_0_5",8.20228881193
"1180","Greater South Pass 4","sip5_5_15",8.763233172
"1181","Greater South Pass 4","sip50_0_5",22.8079295775
"1182","Greater South Pass 4","sip50_5_15",21.8167225248
"1183","Greater South Pass 4","sip95_0_5",37.9257558655
"1184","Greater South Pass 4","sip95_5_15",36.2237334635
"1185","Greater South Pass 5","bdmn_0_5",1.29878485032
"1186","Greater South Pass 5","bdmn_5_15",1.31502209811
"1187","Greater South Pass 5","bdp5_0_5",1.13020125264
"1188","Greater South Pass 5","bdp5_5_15",1.1827538891
"1189","Greater South Pass 5","bdp50_0_5",1.27699829341
"1190","Greater South Pass 5","bdp50_5_15",1.29326618142
"1191","Greater South Pass 5","bdp95_0_5",1.46722487408
"1192","Greater South Pass 5","bdp95_5_15",1.47267200002
"1193","Greater South Pass 5","clmn_0_5",12.7249518581
"1194","Greater South Pass 5","clmn_5_15",15.7983928813
"1195","Greater South Pass 5","clp5_0_5",4.93623243382
"1196","Greater South Pass 5","clp5_5_15",6.36677377055
"1197","Greater South Pass 5","clp50_0_5",11.5037255291
"1198","Greater South Pass 5","clp50_5_15",15.1589171468
"1199","Greater South Pass 5","clp95_0_5",20.7796119442
"1200","Greater South Pass 5","clp95_5_15",23.9308819467
"1201","Greater South Pass 5","samn_0_5",62.5088387741
"1202","Greater South Pass 5","samn_5_15",59.7170266949
"1203","Greater South Pass 5","sap5_0_5",38.0207186957
"1204","Greater South Pass 5","sap5_5_15",37.4383378188
"1205","Greater South Pass 5","sap50_0_5",62.3507668111
"1206","Greater South Pass 5","sap50_5_15",59.1320185829
"1207","Greater South Pass 5","sap95_0_5",79.5721378649
"1208","Greater South Pass 5","sap95_5_15",76.6729477337
"1209","Greater South Pass 5","simn_0_5",22.4209200997
"1210","Greater South Pass 5","simn_5_15",22.2248062377
"1211","Greater South Pass 5","sip5_0_5",6.47525142989
"1212","Greater South Pass 5","sip5_5_15",7.8287890137
"1213","Greater South Pass 5","sip50_0_5",20.167525894
"1214","Greater South Pass 5","sip50_5_15",19.7298375235
"1215","Greater South Pass 5","sip95_0_5",37.3995369458
"1216","Greater South Pass 5","sip95_5_15",36.4064886423
"1217","Natrona 3","bdmn_0_5",1.32557226642
"1218","Natrona 3","bdmn_5_15",1.34030514351
"1219","Natrona 3","bdp5_0_5",1.13525774184
"1220","Natrona 3","bdp5_5_15",1.10858684478
"1221","Natrona 3","bdp50_0_5",1.3098019115
"1222","Natrona 3","bdp50_5_15",1.33093813527
"1223","Natrona 3","bdp95_0_5",1.48432951201
"1224","Natrona 3","bdp95_5_15",1.48676941085
"1225","Natrona 3","clmn_0_5",17.021267381
"1226","Natrona 3","clmn_5_15",19.1511836072
"1227","Natrona 3","clp5_0_5",6.78482816669
"1228","Natrona 3","clp5_5_15",8.41040359229
"1229","Natrona 3","clp50_0_5",15.9504013742
"1230","Natrona 3","clp50_5_15",18.3265181161
"1231","Natrona 3","clp95_0_5",28.0396434931
"1232","Natrona 3","clp95_5_15",30.1421675983
"1233","Natrona 3","samn_0_5",49.4841668845
"1234","Natrona 3","samn_5_15",47.2832621028
"1235","Natrona 3","sap5_0_5",14.9399906663
"1236","Natrona 3","sap5_5_15",15.4789339153
"1237","Natrona 3","sap50_0_5",48.028623357
"1238","Natrona 3","sap50_5_15",46.1165152035
"1239","Natrona 3","sap95_0_5",71.768095817
"1240","Natrona 3","sap95_5_15",70.0527739772
"1241","Natrona 3","simn_0_5",29.7583982049
"1242","Natrona 3","simn_5_15",29.4540921075
"1243","Natrona 3","sip5_0_5",10.8585093541
"1244","Natrona 3","sip5_5_15",11.2396192613
"1245","Natrona 3","sip50_0_5",26.2042643089
"1246","Natrona 3","sip50_5_15",26.4215211685
"1247","Natrona 3","sip95_0_5",44.5924570019
"1248","Natrona 3","sip95_5_15",42.8902062419
